{
  "generated_utc": "2025-12-20T14:42:43.030249+00:00",
  "method": "z-score",
  "z_threshold": 3.0,
  "features": [
    "trip_distance",
    "total_amount",
    "trip_duration_min"
  ],
  "means": {
    "trip_distance": 3.1653940687820077,
    "total_amount": 26.584291936544798,
    "trip_duration_min": 14.691828828728298
  },
  "stds": {
    "trip_distance": 4.14159485371863,
    "total_amount": 474.0696970509709,
    "trip_duration_min": 11.363462373892343
  },
  "total_rows_used": 3322859,
  "outlier_count": 155179,
  "outlier_ratio": 0.04670044681402371
}