{
  "generated_utc": "2025-12-20T13:19:38.171038+00:00",
  "model": "LogisticRegression",
  "features": [
    "trip_distance",
    "passenger_count",
    "trip_duration_min",
    "fare_amount"
  ],
  "label_definition": {
    "1.0": "Card",
    "0.0": "Cash"
  },
  "train_rows": 2231749,
  "test_rows": 558612,
  "class_balance": {
    "0.0": 367597,
    "1.0": 2422764
  },
  "accuracy": 0.868731785210486,
  "f1": 0.8077149078518702,
  "confusion_matrix_counts": [
    {
      "label": 0,
      "prediction": 0,
      "count": 1
    },
    {
      "label": 0,
      "prediction": 1,
      "count": 73325
    },
    {
      "label": 1,
      "prediction": 0,
      "count": 3
    },
    {
      "label": 1,
      "prediction": 1,
      "count": 485283
    }
  ],
  "coefficients": [
    0.001645833241782902,
    -0.12316942606051652,
    0.009262005606293354,
    -0.005587864898987842
  ],
  "intercept": 2.0085799276893637
}