{
  "generated_utc": "2025-12-20T13:15:25.525574+00:00",
  "model": "LinearRegression",
  "features": [
    "trip_distance",
    "passenger_count",
    "trip_duration_min"
  ],
  "label": "total_amount",
  "train_rows": 2270154,
  "test_rows": 568211,
  "rmse": 7.694967623574103,
  "r2": 0.8714769227678072,
  "coefficients": [
    4.278743463958627,
    0.1360625026541239,
    0.14179814090058634
  ],
  "intercept": 11.902660485315833
}